Endtime,FinalTime,FormType,Message,StartTime,V1,V2,V3,V4
16:04:36,16:10:20,1,NIET,16:03:59,4,5,1,Vragen waren duidelijk!
11:24:18,11:24:54,1,VOLLEDIG,11:24:01,2,3,3,
11:33:30,11:33:56,3,VOLLEDIG,11:32:08,5,6,2,
11:35:05,11:35:32,1,NIET,11:34:44,4,1,1,
11:36:44,11:38:34,1,VOLLEDIG,11:36:33,5,4,3,Niet super gepersonaliseerd. 
11:41:41,12:08:53,2,VOLLEDIG,11:40:37,7,6,1,
11:50:41,11:51:35,1,DEELS,11:50:26,2,2,2,"De honden spreken me allemaal niet echt aan, misschien ook door de kwaliteit van de foto's en vooral de erg korte uitleg. Je leert de dieren niet echt kennen."
11:55:10,11:57:29,2,VOLLEDIG,11:53:57,4,5,4,
11:56:45,11:57:27,1,VOLLEDIG,11:56:28,4,7,1,"Wel moeilijk om te moeten kiezen tussen een reu en teef, het geslacht maar niet veel uit. "
12:23:22,12:25:06,2,DEELS,12:22:22,5,5,4,Soms zijn de antwoorden op vragen niet zo zwart wit. Ik heb dan ook geprobeerd om zo duidelijk als mogelijk antwoord te geven op de gestelde vragen hoewel dit niet altijd even makkelijk is.
12:54:16,12:56:08,1,VOLLEDIG,12:53:31,1,1,4,Selectie komt niet overeen met de vraag naar eerder kleine honden. Ik mis ook de vraag naar in welke mate reling houden met mentale en fysieke noden specifiek aan enkele voorgestelde rassen. (Bv ik kan een border collie niet geven wat hij nodig heeft)
13:05:07,13:06:44,3,VOLLEDIG,13:03:46,1,6,2,Ik zelf ben niet echt op zoek naar een hond. Maar wou zeker deze tool eens uittesten. Daarom ga ik het asiel niet contacteren. Ik ken de honden in het asiel en deze sluiten inderdaad aan bij mijn verwachtingen! Het was voor mij redelijk makkelijk want ik ken de vragen zelf al :) 
13:11:30,13:12:04,1,NIET,13:11:08,6,4,2,
13:12:04,13:14:33,1,VOLLEDIG,13:11:41,4,3,6,
13:14:37,13:16:23,3,VOLLEDIG,13:13:20,1,7,4,"Goede matches qua honden, moest ik er nog geen 2 thuis hebben lopen zou ik zeker een kijkje gaan nemen!"
13:15:05,13:15:40,3,NIET,13:13:41,4,6,3,
13:27:47,13:29:04,3,DEELS,13:25:03,5,6,2,
13:31:22,13:32:21,3,VOLLEDIG,13:29:05,3,3,5,
13:42:22,13:43:15,2,VOLLEDIG,13:41:39,1,3,1,/
13:50:38,13:51:05,2,NIET,13:50:07,2,2,1,
14:13:58,14:15:20,2,VOLLEDIG,14:13:30,6,6,5,"Bij de laatste twee vragen wist ik niet goed wat ik moest doen met de slider aangezien het eerder om objectieve vragen ging. Maar ik ben zeker tevreden van de aanbevelingen, het zijn zeker de type honden die ik in gedachten had."
14:25:54,14:27:34,2,NIET,14:24:58,4,3,1,Ik had vragen over verwachtingen omtrent karakter verwacht of hoe veel ik zelf thuis ben. 
14:26:35,14:27:51,3,VOLLEDIG,14:24:55,4,3,5,"Soms te beperkte antwoorden 
Geen open vragen "
14:46:01,14:48:40,2,NIET,14:44:50,7,4,1,
15:30:00,15:33:08,2,NIET,15:28:39,5,5,2,"De relevantie van deze vragen aanduiden was soms wat dubbelzinnig. Bijvoorbeeld: ¬¥heeft u al een andere hond¬¥ nee, dus deze vraag is weinig belangrijk voor mij maar is dit de manier waarop deze aanduiding werkt?"
15:36:48,15:39:26,2,NIET,15:35:49,7,7,7,Het is zeer belangrijk om eerst contact te hebben met het asiel zodat zij de juiste match kunnen maken. Het is een zeer gebruiksvriendelijke vragenlijst.
16:16:54,16:17:10,3,VOLLEDIG,16:15:31,4,4,4,
16:17:10,16:18:53,3,DEELS,16:15:53,3,3,7,
17:58:36,18:03:52,1,VOLLEDIG,17:57:14,7,7,4,Ik had de vragen anders verwacht. Eerder op wat bij uw karakter en levensstijl past. Zodat honden op die manier aan u gematcht worden. 
18:06:39,18:07:45,1,NIET,18:06:00,7,7,1,Ja
18:15:14,18:16:01,2,VOLLEDIG,18:14:18,6,6,1,
18:15:46,18:23:37,3,DEELS,18:12:15,2,2,2,Mijn verwachtingen waren andere rassen. 
19:08:00,19:11:10,1,NIET,19:07:42,2,4,4,Een van de aanbevelingen is reeds geadopteerd. De anderen kunnen niet met andere huisdieren.
19:15:02,19:15:13,3,VOLLEDIG,19:14:50,4,4,4,
19:16:36,19:19:37,1,VOLLEDIG,19:16:13,1,2,4,"De vragen en antwoorden moeten specifieker zijn: kinderen, thuissituatie, bewegingsgraad, ‚Ä¶
De honden die ik hier aangeraden kreeg zijn totaal niet honden die bij mij of mijn gezinssituatie passen"
19:29:10,19:30:46,2,VOLLEDIG,19:28:31,4,5,2,
19:32:14,19:32:44,2,VOLLEDIG,19:31:31,4,2,3,
07:33:39,07:35:07,1,VOLLEDIG,07:32:43,6,7,2,De vragen waren erg simpel te beantwoorden maar wel effectief en belangrijk in de zoektocht
20:40:13,20:44:25,3,DEELS,20:37:38,2,3,2,"Ik had ingevuld geen reutje te willen, maar krijg twee reutjes voorgesteld. Niet zo handig. Het teefje is een herder, niet mijn ras en andere is een pittbull. Geen van deze honden zou ik kiezen."
20:42:32,20:44:02,3,VOLLEDIG,20:40:41,6,6,2,
20:45:04,20:45:59,3,VOLLEDIG,20:42:17,3,3,3,
20:53:19,21:09:57,2,DEELS,20:52:37,3,3,4,"'Ruwe' match.. waardoor de aanbevolen honden niet goed passen in mijn thuissituatie. Er ontbreken naar mijn mening nog wat vragen opdat het ""karakter"" van de hond beter zou matchen met het baasje. Ook wordt er niet gepolst of eigenaar al mogelijks ervaring heeft met honden, wat zeker nodig is bij honden die in het verleden niet goed behandeld zijn."
21:02:56,21:04:39,1,VOLLEDIG,21:02:23,6,6,2,Ik zou de zinnen anders formuleren en waarom geen reu als je al een reu hebt? Succes en fijne dagen. Mvg Natasja 
21:21:59,21:33:59,1,DEELS,21:20:41,2,4,1,"Ik had het idee dat ik er 2 meer middelmaatjes waren. Toch als ik echt opzoek was had ik Thor bekeken.
Zelf zou ik bij al een hond  'ja' nog een sub maken naar kan deze hond met een hond met zwaarder verleden gekoppeld worden?
Als wij testen of we een hond ernaast moeten/kunnen nemen zal het antwoord hoogst waarschijnlijk beter niet zijn."
21:30:38,21:34:26,3,DEELS,21:27:17,2,2,2,
21:35:02,21:36:46,1,DEELS,21:34:16,4,4,4,Ik kreeg bij poging 2 opzoek naar teef (ik dacht dat ik dat de eerste keer had gedaan ook) toch echt de reutjes.
21:36:25,21:44:49,3,DEELS,21:32:52,4,6,6,"Bij sommige vragen is het verplicht een keuze te maken (leeftijd, geslacht, training, Cell dog project), hoewel het voor mij belangrijker is dat het karakter en de noden van de hond matchen met wat ik (de adoptant) te bieden heb.. het is fijn dat jullie onderzoek doen ten voordele van de asielhondjes en de werking van het asiel.. keep it up! "
22:43:53,22:49:23,2,VOLLEDIG,22:40:48,1,5,2,"Ik zoek op dit moment geen hond want ik heb er 4. Dat be√Ønvloedt de antwoorden. En ik mis vragen mbt tijd die men wil besteden aan een hond en of men een bepaald type zoekt (jachttype, huismaatje, actief type etc)."
22:59:27,23:00:17,2,DEELS,22:58:52,5,5,3,
07:04:51,07:09:43,3,NIET,06:59:24,1,1,2,"Ik duidde aan dat ik geen tuin heb en de honden die ik zie, hebben een tuin nodig. 
Ik weet te weinig over honden om het verschil in gedrag te kennen tussen reu en teef dus was dat een moeilijke vraag. "
07:35:22,07:36:05,1,NIET,07:34:57,2,2,1,
10:14:35,10:18:29,1,VOLLEDIG,10:13:48,4,3,1,"Deze vragenlijst is veel te beperkt naar mijn mening. Ik kreeg wel de juiste resultaten tov mijn ingevulde antwoorden (op 1 hond na, is een scheper terwijl ik kleine honden had gevraagd)"
10:28:18,10:29:28,3,NIET,10:27:07,4,4,4,
10:50:11,10:51:11,1,VOLLEDIG,10:49:51,2,2,3,
12:36:49,12:37:31,2,NIET,12:36:13,7,5,1,
13:19:33,13:21:46,2,VOLLEDIG,13:16:45,6,7,1,
16:35:18,16:36:15,2,VOLLEDIG,16:34:34,7,7,4,
16:35:36,16:36:34,1,NIET,16:35:06,2,3,1,Momenteel zoek ik geen hond
16:36:14,16:38:25,1,VOLLEDIG,16:35:33,1,3,1,"Ik heb zelf 2 kleine hondjes. De honden die voorgesteld werden, waren buiten 1 hondje, allemaal van vrij groot formaat. Ik snap natuurlijk dat er weinig kleine hondjes ter beschikking zijn. Leuk om zo te zien welke hondjes bij me zouden passen! "
16:36:58,16:37:29,3,DEELS,16:35:49,6,6,2,
16:37:56,16:38:31,3,DEELS,16:36:38,4,4,4,
16:38:42,16:39:18,1,VOLLEDIG,16:38:17,2,3,1,
16:41:14,16:43:38,2,NIET,16:40:28,5,2,3,"Vragenlijst mist de belangrijke zaken ; veel tijd om te wandelen, tuin etc"
16:42:03,16:43:11,2,VOLLEDIG,16:41:27,1,1,2,Er worden  enkel grote honden voorgesteld terwijl dat echt geen voorkeur was
16:42:25,16:50:24,1,DEELS,16:41:33,4,2,3,"Ik mis vooral de aandachtspunten die voor mij belangrijk zijn om een hond te kiezen, namelijk dat ik geen tuin heb en katten, met katten overeen kunnen komen is een absolute must. Zeker omdat ik een hond heb gehad die dat niet kon, en dat was lastig. Je kunt ook niet aangeven of je veel thuis bent of niet, of je het niet erg vindt dat  een hond een rugzakje heeft of niet. En indien een rugzakje wat de werkpunten zijn, uitvallen (dat wil ik bijv. liever niet) of angstig (voor mij geen probleem) bijv.  De keuzes die ik  nu kon maken, is eigenlijk al vaker de procedure om te filteren bij een aantal adoptiesites. Ook daar mis ik de extra toevoegingen wat ik zoek en wat ik kan bieden, net nodig om een goede match te vinden. "
16:42:35,16:43:04,2,VOLLEDIG,16:42:05,4,3,2,
16:43:18,16:48:21,1,NIET,16:42:52,1,1,1,Ik zoek een stabiele pup.
16:43:17,16:52:13,2,VOLLEDIG,16:42:13,4,6,2,"Ik heb alles gewoon ingevuld uit nieuwsgierigheid , benieuwd welke honden voor mij werden uitgekozen en ben aangenaam verrast dat het Rosa is zij wekt al een tijdje mijn intresse.  ik vond de vragen makelijk in te vullen maar ben ook veel met honden bezig en heb een voorkeur voor moeilijk herplaatsbare honden, de oudjes en pittige rassen boeien mij enorm. heb zelf 9 honden en weet dus best wel wat ik zoek.  Hoop dat het ook werkt voor mensen die eigenlijk niet zo goed weten welke richting ze uit willen of kunnen inschatten wat een hond nodig heeft. Succes met de tool!
"
16:44:16,16:46:02,1,DEELS,16:43:47,1,4,3,"Ik zou nog op andere dingen screenen zoals gezinssamenstelling, kinderen ja of nee, rustig of actiever ras enz.
"
16:44:31,16:46:15,2,VOLLEDIG,16:43:50,3,2,1,
16:44:48,16:47:10,3,DEELS,16:44:01,4,3,1,"Ik was nieuwsgierig wat bij mij past (binnen ongeveer vijf jaar als ik met pensioen zou gaan, wil mijn hond aandacht geven), middelmaat is blijkbaar dan toch nog iets te ‚Äògroot‚Äô en was een leuke, vlotte manier om de resultaten te bekomen, bedankt en veel succes! Myriam"
16:45:12,16:49:19,3,VOLLEDIG,16:42:55,7,6,5,
16:49:03,16:53:41,1,NIET,16:48:47,6,4,2,"Imara voldoet aan de voorwaarden (een oud teefje dat bij andere dieren kan). Sky is een duoplaatsing - voldoet dus ook, maar eigenlijk zou dat een aparte vraag moeten zijn (of je op zoek bent naar √©√©n hond of meerdere honden). Rosa en Didi lijken mij te groot - ik had aangegeven dat ik op zoek was naar een kleine hond. Het zou beter zijn als er minder mogelijke matches verschijnen, maar dan wel matches die helemaal voldoen. "
16:50:21,16:51:10,3,VOLLEDIG,16:49:24,2,3,3,
16:50:47,16:52:39,2,VOLLEDIG,16:50:03,4,7,2,
16:52:46,16:54:25,2,VOLLEDIG,16:51:52,2,2,1,Onze voorkeur gaat altijd naar een reu en indien we er een hond zouden bijnemen zouden we dan ook terug zoeken naar een reu (uiteraard goed matchend met onze huidige honden) 
16:53:10,16:53:50,1,VOLLEDIG,16:52:28,4,2,2,
16:54:09,16:55:30,1,DEELS,16:53:52,7,3,4,Er wordt wel heel beperkte info gevraagd.
16:56:18,16:57:43,2,VOLLEDIG,16:55:39,5,3,2,"Voor mij is het energieniveau van een hond zeer belangrijk. 
Dat komt hier helaas niet aan bod."
16:56:34,16:57:41,3,VOLLEDIG,16:55:12,4,2,4,Het zou prettig zijn om bij sommige vragen meerdere antwoorden te kunnen geven
16:58:50,16:59:28,2,DEELS,16:57:05,4,4,4,"Ik kreeg reutjes aanbevolen, terwijl ik aangeef graag een teefje te willen."
17:06:01,17:07:17,2,VOLLEDIG,17:05:09,1,1,2,Ik dacht dat een middelgrote hond kleiner was
17:07:01,17:08:49,1,VOLLEDIG,17:06:27,4,3,2,Ik mis nog vragen over onze gezinssituatie en onze dagbesteding. 
17:07:32,17:10:18,3,VOLLEDIG,17:06:00,1,1,1,"Ik wil geen minihond, maar ook niet de grootte die werd aangeboden.
Ik wil geen puppie, maar ook geen 6-jarige.  Dat kon ik niet aanduiden, er is geen tussencategorie bij beide vragen.
Ik wil graag een Jack Russell na het overlijden van mijn hond. Ik kan geen ras aanduiden."
17:07:00,17:08:18,1,DEELS,17:06:20,7,5,2,
17:07:50,17:09:23,2,VOLLEDIG,17:07:23,1,1,2,Ik dacht dat een middelgrote hond kleiner was
17:07:52,17:14:45,3,VOLLEDIG,17:06:23,1,6,3,"Te weinig vragen om een goede match te kunnen maken. Geen vragen betreffende nodige activiteit, vachttype/verzorging, blaffen, nodige aandacht, alleen blijven, eventuele medische verzorging, ... De grootte van de hond objectiveren; een grote hond voor mij is +50 kg (bv. Newfoundlander), voor anderen is echter een labrador bv. ookal een grote hond."
17:08:19,17:10:51,2,VOLLEDIG,17:07:11,4,7,1,"Het stukje over de reu vind ik moeilijk te begrijpen ik zelf heb er 3 gecastreerd en gaat super goed , ergens vind ik dat  er gewoon een klik moet zijn met de hond ongeacht groot klein , beetje liefde op eerste gezicht , volgens mij zoek je een trui uit op maat kleur materiaal en ligt dit net iets anders "
17:09:47,17:11:07,3,NIET,17:08:14,2,2,6,
17:10:24,17:11:32,3,NIET,17:09:30,4,4,2,
17:13:36,17:19:20,1,NIET,17:13:11,4,5,1,"Het kriebelt wel, maar ben eigenlijk niet op zoek naar een hond. Hoewel..."
17:14:56,17:16:38,2,VOLLEDIG,17:14:22,7,6,1,Ik vind het een fijne en makkelijke tool. Eventuele verder vragen er bij zouden fijn zijn (zoals of een hond veel activiteit behoeft) 
17:15:44,17:17:52,3,NIET,17:13:50,1,2,2,Geen enkele van deze honden spreekt mij aan helaas...
17:16:33,17:27:29,2,VOLLEDIG,17:13:33,4,2,4,"Ik vind de vragen niet genoeg gespecificeerd: bv:
1) Heeft u honden, welke reu , teef, meerdere en hier kan je niet aanduiden welke sexe,.
2) Voorkeur sexe. Moet je kiezen. Wat als het voor de kandidaat niet uitmaakt welke sexe.
3) Waarom als je al een reu hebt, kom je niet meer in aanmerking voor een reu. Twee tevens kan dus wel? Weet dat zij meer last hebben van humeur wisseling, hormonen, vechten met elkaar soms tot de dood. Reuen niet.
4) in heb gekozen voor kleine honden, krijg als resultaat 1 (?) kleine hond en de rest middelmaat.
5) ......
Ben niet zo enthousiast over deze vragen."
17:19:10,17:26:24,2,VOLLEDIG,17:17:27,5,6,5,"De eerste drie zouden wel in ons huishouden passen. Ik had wel meer vragen verwacht en iets specifieker, vandaar dat ik de vragen invullen iets moeilijker vond. Een beetje vaag? Zo een tool is wel handig! Tinder voor hond en baas"
17:19:37,17:23:41,1,NIET,17:19:24,4,4,1,"Wil wel een hond, maar er moet een klik komen/zijn met katten. Die match is er voorlopig niet"
17:20:10,17:22:58,1,VOLLEDIG,17:19:31,4,4,3,Ik mis een vraag die polst naar activiteitsniveau van de hond en wat goed bij het gezin zou passen. Wel superleuk onderzoek!
17:26:19,17:27:39,2,VOLLEDIG,17:25:18,2,2,4,
17:28:08,17:28:40,1,NIET,17:27:43,1,1,1,
17:28:56,17:37:20,3,DEELS,17:28:09,2,5,6,Graag maar liefst meer uitgebreid. Ik schreef een aantal jaar geleden een eindwerk over matching bij asieldieren. U kan me contacteren op Ellen.lambrighs@student.kuleuven.be 
17:29:30,17:32:32,2,NIET,17:28:30,6,6,7,"Zou graag een hond willen, maar woon in een duplex, niet echt een afgesloten tuin. Waren 3 van de 4 honden die mij wel aanspraken. "
17:29:51,17:33:09,2,DEELS,17:29:06,1,4,1,"Ik vind de vragen absoluut niet afdoende om een matching te kunnen doen. Nog wat werk aan de winkel, maar mits een goede fine tuning kan het zeker een meerwaarde zijn. Succes! "
17:33:10,17:34:52,2,VOLLEDIG,17:31:34,6,6,4,"Ik vind de vragenlijst te beperkt. Geen vraag ivm kinderen, werktijden,  ...
Voorlopig is een extra hond niet haalbaar. Alhoewel Rosa ook mijn favoriet zou zijn, als dat wel zo was. "
17:34:32,17:38:46,2,VOLLEDIG,17:33:27,5,6,1,Ik mis misschien wel nog een vraag. Of je in het verleden al huisdieren gehad hebt. Dan kunnen honden die het iets moeilijker hebben ook een kans krijgen. Verder de honden wzar een match mee gemaakt werd waren op 1tje na ook de honden waar ik ook echt voor geinteresseerd was. 
17:38:58,17:40:51,3,VOLLEDIG,17:33:14,6,5,4,Zou goed zijn om soms 2 voorkeuren te kinnen doorgeven ipv telkens maar eentje
17:39:29,17:41:13,3,VOLLEDIG,17:38:09,6,5,2,"Ik zou meer vragen laten invullen: tijdsbesteding (hoeveel tijd heb je voor een hond), hoe actief ga je zijn met de hond (wandelen, lopen, agility‚Ä¶)"
17:42:11,17:43:05,1,VOLLEDIG,17:41:31,1,5,1,Er wordt geen vraag gesteld omtrent kinderen. Dit vind ik echter een van de belangrijkste vereisten voor een eventuele adoptie. 
17:45:25,17:49:41,3,NIET,17:43:17,6,6,2,Ik ben zelf niet op zoek naar een hond maar ik wou helpen in jullie onderzoek. Het mooie is wel dat de hond waar ik een voorkeur voor heb tussen de opties staat. 
17:45:36,17:46:54,3,NIET,17:44:19,7,7,4,
17:46:10,17:48:26,2,VOLLEDIG,17:45:19,1,1,4,"Ik wil geen enkele van die voorgestelde rassen. 
U vraagt ook beter of de hond met kinderen overweg moet kunnen."
17:48:21,17:50:36,1,VOLLEDIG,17:47:59,1,1,1,"Ik wilde enkel het onderzoek helpen. 
De vraag als de hond bij kinderen past is vaak essentieel. "
17:54:20,17:55:22,1,DEELS,17:32:41,1,7,1,
17:58:42,17:59:33,2,VOLLEDIG,17:57:57,2,5,5,
18:00:30,18:01:43,1,DEELS,18:00:00,3,2,1,Mag specifieke gevraagd worden naar rasvoorkeur of dergelijke
18:00:53,18:01:17,3,DEELS,17:59:33,4,4,4,
18:02:49,18:03:18,1,VOLLEDIG,18:02:16,4,6,4,
18:03:31,18:03:54,3,VOLLEDIG,18:02:48,1,2,2,
18:04:14,18:05:19,2,VOLLEDIG,18:03:00,7,1,1,
18:05:06,18:07:16,1,NIET,18:03:57,1,2,3,"Miste uitgebreidere vragen als: heeft u kinderen, hoe actief is uw levensstijl,‚Ä¶"
18:05:48,18:06:19,2,VOLLEDIG,18:05:22,4,2,1,
18:07:21,18:08:53,1,VOLLEDIG,18:06:28,2,3,2,Ben echt op zoek naar hetzelfde ras dat ik nu heb nl Engelse cocker 
18:11:46,18:16:04,2,NIET,18:10:43,4,5,1,Bij sommige antwoorden klinkt de toevoeging ‚Äúhoe belangrijk de vraag is‚Äù soms wat vreemd 
18:13:22,18:13:59,1,VOLLEDIG,18:12:41,2,2,5,
18:15:13,18:18:21,2,DEELS,18:14:13,6,5,3,Ik vond het soms lastig in te schatten hoe belangrijk een vraag voor mij was. Temperament van de hond is uiteindelijk het belangrijkste onafhankelijk van grootte. 
18:20:52,18:23:14,3,VOLLEDIG,18:18:39,1,1,4,Alleen de border collie zou evt. In aanmerking komen. Geen Stafford want wij gaan veel op reis met de hond en kunnen hem/haar dan niet overal meenemen. 
18:24:06,18:25:16,1,VOLLEDIG,18:23:37,7,5,4,Ik heb reeds een asiel
18:26:06,18:27:33,2,VOLLEDIG,18:24:43,6,6,4,
18:26:09,18:27:34,2,VOLLEDIG,18:25:09,5,3,1,"het lijkt mij ook belangrijk te weten of je veel thuis bent of niet, en of je bereidt bent dikwijls lange wandelingen te maken"
18:26:14,18:31:03,2,VOLLEDIG,18:25:01,4,2,4,"Ik heb al 10 honden waaronder 4 herplaatsers dus heb enkel deelgenomen uit  nieuwsgierigheid naar de test 
Persoonlijk vind ik de lijst veel te beperkt.
Voorkeur rastype,  min hoeveelheid beweging, tijdsinvestering vachttype etc"
18:28:24,18:32:43,2,NIET,18:27:50,3,4,6,"Ik vind dat er eigenlijk amper info wordt gevraagd, meer dan basis zoekcriteria is het eigenlijk niet... Dan vind ik dat er al bestaande systemen zijn die beter zijn en ook naar het karakter van een dier kijken, zoals het systeem van het asiel Sint-Truiden met katten. Bovendien vind ik het niet goed dat je maar 1 optie kan kiezen, want bij sommige vragen wou ik eigenlijk twee antwoorden aanduiden (bv. dat zowel middelgrote en grote honden geschikt zijn) "
18:28:50,18:29:42,2,DEELS,18:28:11,5,6,1,
18:44:20,18:46:35,3,VOLLEDIG,18:42:46,4,7,2,Heb 2 asiel honden. Staffy mixen. Deze honden waren een goede match 
18:46:45,18:47:34,2,VOLLEDIG,18:46:07,1,3,4,Niet de rassen om bij mijn reu te zetten 
18:52:07,18:57:59,3,VOLLEDIG,18:48:54,1,1,4,"Ik kijk al 2,5 jaar alle dierenasielen in de buurt na voor een nieuwe hond. Ik heb geen kinderen meer in huis, maar mijn kleinkinderen komen wel geregeld op bezoek en/ of logeren en die zijn qua leeftijd allemaal tussen 2 en 7 jaar. Bijna altijd staat er bij: niet bij jonge kinderen. Ik heb nu zelf geen andere hond meer, maar krijg wel de hond van mijn dochter soms over de vloer (golden retriever). Als er bij staat dat de hond niet met andere honden overweg kan, is het voor mij ook een 'no go'... "
18:55:11,18:59:17,1,VOLLEDIG,18:54:24,7,7,1,Ik ga niet adopteren jammer genoeg. Rosa zou fantastisch zijn maar we reeds 2 honden herplaatsers.  Ik geloof wel sterk in het asiel in Genk. Ze leveren supergoed werk. <3
18:56:37,18:57:59,2,VOLLEDIG,18:55:05,2,5,1,
18:57:39,18:58:07,1,VOLLEDIG,18:57:21,4,6,4,
19:02:31,19:06:27,2,VOLLEDIG,19:01:55,4,2,4,"Eerder oppervlakkige vragen. Geen vraag naar ervaring met honden of hondenschool.waar woon je tuin/appartement.wzt wil je met je hond hoeveel tijd te besteden,alleen blijven.
We hebben een hondje van het asiel wat een super match is.ik vulde enkel in om mee te doen aan jullie onderzoek.succes"
19:07:17,19:13:24,1,VOLLEDIG,19:06:28,2,3,5,Ik zou meer vragen stellen zoals wil je een actieve hond of liever een rustige hond. En zoals een hond met een moeilijke achtergrond of een gemakkelijke hond.. En ook misschien 2antwoorden mogen aanduiden in plaats van 1. Veel succes met jullie onderzoek! 
19:12:44,19:13:47,1,NIET,19:12:20,4,4,2,Ik vind dat je weinig opties hebt om in te vullen. De leeftijd bv is voor mij geen probleem. Eerder of hij/zij wel/niet bij kinderen kan en dergelijke.  Dat vind ik meer prioriteit 
19:19:38,19:20:19,1,NIET,19:19:14,2,4,2,
19:24:50,19:25:56,2,VOLLEDIG,19:24:14,3,5,6,Checken of honden bij andere katten kunnen
19:25:49,19:26:28,2,VOLLEDIG,19:24:59,4,4,2,
19:27:00,19:29:37,1,VOLLEDIG,19:26:06,4,4,4,"Antwoorden zijn uit ervaring met honden hiervoor te hebben.
Kleine tip, tool uitbreiden met kinderen aanwezig of niet en hun leeftijd.
Vele staffordjes zoeken een thuis maar door hun enthousiasme zijn ze niet steeds geschikt om te plaatsen met jonge kinderen. "
19:33:54,19:34:19,3,DEELS,19:32:53,5,5,2,
19:37:47,19:38:51,1,DEELS,19:37:12,5,5,1,
19:39:41,19:42:03,1,VOLLEDIG,19:39:04,5,4,1,"Vragen zijn te beperkt.
En wat maakt het uit voor teef of reu.ik heb 2 reus en 1 toefje.allen gesteriliseerd. En ze spelen samen."
19:40:57,19:44:20,1,NIET,19:40:16,1,1,3,
19:45:37,19:51:45,3,VOLLEDIG,19:43:32,4,4,4,"De opgegeven honden sluiten middelmatig aan bij mijn verwachtingen. Op vlak van grootte kloppen ze wel en de leeftijd is ook nog goed. Maar het aantal en het karakter vind ik niet bij allemaal even goed passen.
Ik zou bij de eerste vragen misschien ook bevragen naar het gewenste karakter van een hond en de job (hoeveel je thuis bent) van een persoon. En ook of je eventueel een duo wil adopteren. "
19:46:31,19:54:46,1,VOLLEDIG,19:45:57,4,5,1,"Te weinig vragen om concreet iets te kunnen zeggen, ik heb katten kunnen deze diertjes daar mee om ? ik heb reeds drie honden is dit voor deze dieren een optie ?"
19:50:12,19:50:55,3,VOLLEDIG,19:47:14,1,1,4,
19:50:15,19:53:55,2,DEELS,19:49:24,6,5,2,Test: Ik kreeg alleen reutjes terwijl ik specifiek een teefje wilde 
19:50:31,19:55:04,1,VOLLEDIG,19:49:29,1,5,3,
19:50:35,19:52:52,1,NIET,19:49:40,6,5,2,
19:52:35,19:53:05,1,VOLLEDIG,19:52:15,4,4,1,
19:59:46,20:03:23,3,VOLLEDIG,19:58:35,2,6,2,Heb 2 staffords reu en teef en 2 schipperkes reu en teef en DD reu.Jammer genoeg is het beleid dat reu en reu niet kunnen terwijl ik mijn honden ken zelf weet wat in mijn roedel past. Dus komen onze honden van fokkers met stamboom terwijl de lieverds daar hier ook een warm nest konden krijgen.
20:04:50,20:05:14,1,DEELS,20:03:51,1,1,1,
20:05:12,20:06:13,3,DEELS,20:02:58,5,6,2,
20:11:56,20:12:20,1,NIET,20:11:37,4,4,4,
20:12:45,20:13:23,2,NIET,20:11:43,5,5,5,
20:18:02,20:18:44,1,VOLLEDIG,20:17:02,2,2,3,
20:18:56,20:21:01,3,VOLLEDIG,20:17:16,5,6,2,
20:20:53,20:21:39,2,VOLLEDIG,20:19:01,4,6,6,
20:23:25,20:25:34,3,VOLLEDIG,20:21:34,2,2,2,
20:27:05,20:35:16,1,DEELS,20:25:56,1,4,1,"Ik zie dolgraag elk soort van honden en katten doch door mijn chronische aandoening kan ik niet ieder ras een goede thuis geven. Het is niet enkel voor mezelf maar vooral voor de dieren belangrijk dat er krijgen wat ze allemaal verdienen. Een goede thuis en liefde heb ik meer dan voldoende enkel de nodige energie die bepaalde rassen nodig hebben (stevige wandelingen, sport, spel) lukt niet elke dag even goed. Ik neem geen nieuw huisvriendje als het niet kan , ik kijk vooral naar behoefte van de hond. Nooit onbezonnen. Was ik gezond? Ja zeker een grote stevige hond met veel energie. "
20:27:19,20:28:54,3,VOLLEDIG,20:23:55,2,2,2,
20:32:23,21:04:59,1,VOLLEDIG,20:31:48,1,1,4,Kleine honden gevraagd. Ook grotere als match aangeboden. Veel te weinig mogelijkheden. Vertrouw niet op dit matchsysteem. Herbeginnen dus üòÅ
20:35:58,20:40:06,1,VOLLEDIG,20:35:43,2,2,1,"De honden voldeden wel qua uiterlijk wel aan hetgeen ik voor ogen had, maar ze hadden allemaal wel een rugzakje. En daar zou ik op deze moment niet de tijd voor hebben om dat wat weg te trainen. "
20:44:08,20:44:45,3,NIET,20:43:06,1,1,4,-
20:48:46,20:58:14,2,NIET,20:47:57,2,6,6,"Ik realiseer me dat een hond nemen een weloverwogen beslissing moet zijn. Omdat ik nu al een katje heb waar ik zielsveel van hou (en ik wil hem niet ongelukkig maken door een hond te nemen) stel ik de adoptie uit. Omdat ik nog nooit een hond heb gehad twijfel ik ook (wel heel fijn dat Zuma als eerste naar voor kwam want een (Duitse) scheper is het tas waar ik steeds aan denk ). Ik miste wel vragen zoals: hoe actief ben je (om met een hond te gaan wandelen enzo), heb je kleine kinderen (ik heb er geen)‚Ä¶ om maar wat voorbeelden te geven. Wel super fijn dat jullie zo‚Äôn tool ontwikkelen want niet zo lang geleden zocht ik nog naar test ‚Äòwelke hond past bij mij?‚Äô. Veel succes!"
21:04:53,21:05:57,2,NIET,21:04:00,1,2,3,
21:05:06,21:06:32,3,NIET,21:02:54,4,3,2,Ik had toch een kleiner maatje verwacht :-)
21:08:35,21:14:44,1,DEELS,21:07:45,4,4,4,"Aangezien we momenteel niet op zoek zijn, zijn de verwachtingen ook niet hoog. Natuurlijk willen we graag een dier uit het asiel helpen, maar we moeten alle aspecten bekijken om dit ook haalbaar te maken. Het invullen van de vragen was daarom niet zo moeilijk. 
Enkel bij het kiezen van geslacht zou ik een optie meer geven zoals ‚Äògeen voorkeur geslacht‚Äô aangezien het voor ons bijvoorbeeld niet zou uitmaken als we voor een hond zouden kijken. Het belangrijkste voor ons zou dan zijn dat hij/zij binnen onze situatie zou passen en met onze huidige hond om zou kunnen gaan zodat het zowel voor de geadopteerde hond een gouden mandje kan zijn en voor ons ook een match kan zijn.  
Goed onderzoek wel! Keep up the good work üí™üèº"
21:13:47,21:14:32,3,VOLLEDIG,21:12:34,4,6,2,
21:23:19,22:06:25,3,VOLLEDIG,21:20:17,4,6,1,"Was ge gewoon nieuwsgierig wat er te voorschijn zou komen,  en ja met deze is het jullie aardig gelukt. Als ik nu echt op zoek zou geweest zijn dan had ik zeker een afspraak geboekt om te komen kijken. Voorlopig is m'n kleine roedel voor ons goed zoals ze is. Een hond van asiel is wel iets wat ik wel voor later in gedachten hou."
21:25:29,21:26:27,3,VOLLEDIG,21:23:43,5,3,2,
21:31:59,21:32:51,2,NIET,21:30:05,4,4,4,
21:36:52,21:37:38,2,DEELS,21:36:09,5,6,6,
21:41:30,21:45:28,2,VOLLEDIG,21:40:02,3,4,4,
22:00:23,22:01:08,3,VOLLEDIG,21:59:10,4,4,4,
22:02:06,22:03:06,1,VOLLEDIG,22:01:39,5,4,1,
22:05:16,22:07:28,1,NIET,22:04:31,2,3,5,Geen info over omgaan met katten en kinderen
22:07:49,22:08:34,2,DEELS,22:04:54,1,2,1,
22:08:19,22:08:43,2,NIET,22:07:34,1,7,4,
22:19:43,22:20:42,1,VOLLEDIG,22:19:14,1,2,4,
22:20:20,22:24:35,2,VOLLEDIG,22:19:28,1,2,2,"Jonge kinderen in het gezin maken adoptie moeilijker. Ook al hebben we verder een ideale thuis voor en ervaring in adoptie van grote hondenrassen. Jammer, maar begrijp het ook wel. "
22:23:54,22:29:23,3,NIET,22:22:06,1,7,4,"Een testje is leuk, maar sluit teveel opties uit. Er moet ook een klik zijn, en door zo scherp te filteren, mis je misschien juist een betere match."
22:24:42,22:25:41,1,VOLLEDIG,22:24:00,4,4,2,
22:26:07,22:26:44,2,VOLLEDIG,22:25:33,2,4,1,
22:30:44,22:31:38,3,VOLLEDIG,22:29:37,1,6,6,
22:32:55,22:33:49,3,VOLLEDIG,22:31:35,6,6,2,
22:36:57,22:37:45,1,VOLLEDIG,22:36:39,4,3,3,
22:37:34,22:39:49,1,NIET,22:37:01,3,5,3,
22:37:40,22:38:05,2,VOLLEDIG,22:36:30,3,4,3,
22:42:00,22:42:35,2,DEELS,22:41:26,7,5,3,
22:45:46,22:46:29,3,DEELS,22:43:58,3,2,4,
22:46:20,22:46:52,3,VOLLEDIG,22:45:13,4,7,4,
22:47:33,22:51:56,1,NIET,22:46:49,4,6,1,
23:01:18,23:04:07,1,NIET,23:00:53,4,2,3,Ik denk dat de vragenlijst wat te kort is om een goede match te kunnen maken met zo weinig vragen 
23:04:10,23:06:12,3,VOLLEDIG,23:02:43,2,2,4,Ik verkoos een klein ras en krijg een match met twee grote honden
23:04:49,23:07:55,3,VOLLEDIG,23:03:42,5,6,4,"Ik ben meer voor honden met lange snuit en halflang tot langer haar. Ik heb niets met honden met het uiterlijk van Stafford of bv korte haren. Bessie is wel leuk, ik ga haar promoten. Wel leuk dat jullie onderzoek doen om tools aan te passen"
23:14:55,23:15:36,3,VOLLEDIG,23:13:42,4,3,2,
23:30:15,23:33:56,1,VOLLEDIG,23:29:30,1,1,3,"Mechelaar een Stafford zijn beide rassen die niet bij mij persoonlijk passen.
Het resultaat van een chihuahua is nogal verrassend gezien ik ""grote honden"" ingevuld heb.
Ik vind de invullijst om tot de geschikte hond te komen nogal beperkt."
23:37:39,23:39:13,3,VOLLEDIG,23:36:25,4,2,2,
23:39:17,23:40:57,2,NIET,23:38:11,1,1,4,"Ik heb vermeld dat ik een kleine hond zou willen....
Het aanbod zijn enkel grotere honden. "
23:40:53,23:42:35,2,VOLLEDIG,23:37:56,1,1,4,"Een extra belangrijke vraag is of er kinderen/tuin aanwezig zijn
Ervaring met honden of niet"
00:08:34,00:09:13,3,DEELS,00:07:15,6,4,3,
00:09:37,00:12:00,3,VOLLEDIG,00:07:12,4,5,6,"Heb op moment 4 huisdieren, dus moeilijk voor mij om op dit moment serieus na te denken over nog een hond of huisdieren huisdieren "
00:10:30,00:13:39,2,VOLLEDIG,00:09:01,1,2,2,"Ik hechtte het meeste belang aan de grootte van de hond, ik vul in dat ik een kleine hond wil en krijg geen suggestie van kleine hond."
00:19:52,00:23:42,2,NIET,00:18:13,1,5,4,"Ik deed gewoon de test, ben niet echt op zoek naar nog een huisdier. Vind wel dat er vragen bij zouden moeten zitten zoals, werkt u, welk werk doet u, woont u samen of alleen, op een appartement of in een huis  met of zonder tuin enz.."
00:25:46,00:26:41,1,VOLLEDIG,00:25:25,6,2,1,Enkel imara is het juiste formaat
00:28:47,00:31:39,2,DEELS,00:27:46,6,6,2,Heel leuk initiatief en makkelijk in gebruik!
00:57:59,01:00:22,3,VOLLEDIG,00:55:53,6,7,2,"Ik vind de honden die er uit komen passen bij mijn verwachtingen. 
Zelf had ik wel er nog graag bij gezet dat ik geen hond verwacht die veel fysieke inspanning nodig heeft. "
01:59:13,02:00:36,2,VOLLEDIG,01:57:50,1,1,1,Ik ben bang dat de vragen veel te weinig genuanceerd zijn
02:06:03,02:06:35,2,DEELS,02:03:59,5,2,2,
05:03:47,05:06:33,2,DEELS,05:00:48,2,3,2,Ik heb deze oefening enkel als test gedaan vermits ik pas geadopteerd heb. Ik heb t vermoeden dat niet alle geschikte honden doorkomen. De Mechelse herder die al meer dan 200 dagen ter adoptie staat kwam niet naar boven en had wel aan mijn vereisten voldaan volgens mij. Dit is dus puur als feedback bedoeld voor de ontwikkeling van de tool. Veel succes ermee!! En hopelijk vinden ze zo allemaal sneller hun warme mand! 
05:07:30,05:08:09,1,DEELS,05:07:19,2,5,2,Sorry die Mechelse herder zat helemaal niet in Genk üôà dus goeie tool!!! 
05:30:33,05:31:20,3,DEELS,05:29:01,5,5,2,
06:12:53,06:16:03,1,VOLLEDIG,06:12:07,1,1,1,"Ik ben gehecht aan √©√©n Ras en dat is Leonberger
Dit zijn ongelooflijke lieve honden die zelden in een asiel te vinden zijn 
Maar nu wonen wij op een appartement en kan dat niet meer."
06:25:48,06:34:49,1,VOLLEDIG,06:24:37,2,2,6,Slechts 1 hond zou min of meer kunnen passen namelijk Biegel. Mini zou eventueel kunnen zijn mits contact. De andere 2 honden zou ik niet eens willen. Nochtans heb ik geen enkel probleem met eender welke hond die bij ons komt want ik kan met al die honden meestal beter aan dan de baas. Maar of ik toch een hond zou willen dat is een moeilijke vraag: mijn 2 fanatische honden (Sint Bernard en Berner Sennen) hebben we na amper 5 jaar spuitje moeten geven.
06:55:53,06:58:48,1,VOLLEDIG,06:55:12,1,4,5,"Ik kan me er niet in vinden dat omdat ik een reu heb, een reu erbij wordt ontraden. Bij de vraag of ken andere huisdieren heeft zou ik adviseren om dit te specificeren. Ik kan me voorstellen dat een kat van invloed is op de aanbevelingen, maar bv een stille hamster juist niet.
Verder: tof onderzoek! Succes ermee :)"
07:09:19,07:12:15,1,NIET,07:08:57,4,3,1,De antwoorden geven te weinig info over de honden. Voor mij is het bijvoorbeeld heel belangrijk dat ze met katten samen kunnen leven en vriendelijk zijn naar andere honden. Ook zijn er weinig vragen die beantwoord moeten worden om een match te vinden. Het gaat hier tenslotte over het vinden van een soulmate.
07:25:44,07:28:01,1,VOLLEDIG,07:25:09,1,2,1,"Er wordt geen rekening gehouden met de persoonlijkheidskenmerken van het type ras, wat wel doorslaggevend is bij het adopteren van een hond."
07:36:12,07:38:20,1,DEELS,07:35:49,1,4,4,"zeer beperkte vragenlijst, geen vragen over karakter van hond of eigen levenstijl?"
07:37:32,07:39:01,3,DEELS,07:35:09,2,2,4,
07:40:17,07:43:47,3,VOLLEDIG,07:38:09,2,2,1,"De eerste hond is er pal op. De andere honden zijn honden waar je actief mee bezig moet zijn, dat is niet mijn bedoeling. Op dit moment hebben we een kat en een hond, indien onze hond zou sterven haal ik er een uit het asiel en zal zo'n app heel handig zijn.
"
07:40:43,07:41:15,3,DEELS,07:39:08,3,2,1,
07:51:40,07:52:12,1,VOLLEDIG,07:51:26,4,2,4,
08:08:08,08:09:53,2,DEELS,08:07:07,2,2,2,"Er werd niet echt rekening gehouden met welke huisdieren ik nog heb en voorkeur voor bijvoorbeeld vacht type. Daarnaast is er ook totaal niet gevraagd hoeveel tijd ik heb en of ik de hond eventueel veel activiteit kan geven door bv lopen en wandelen.
Ik vind de vragenlijst veel te beperkt eerlijk gezegd. "
08:11:48,08:13:26,2,VOLLEDIG,08:10:35,4,3,2,Iets te gemakkelijke vragen en weinig informatie over thuissituatie gevraagd. 
08:12:58,08:13:37,3,VOLLEDIG,08:11:27,6,6,1,
08:17:55,08:18:51,3,VOLLEDIG,08:16:08,5,6,2,
08:22:44,08:25:50,2,VOLLEDIG,08:21:57,2,2,2,Er wordt in de vragen heel weinig aandacht besteed aan het individuele karakter van de hond(en) ifv een potenti√´le match met een reeds aanwezige hond
08:31:45,08:32:59,1,VOLLEDIG,08:25:19,5,5,1,
08:35:16,08:36:04,2,NIET,08:34:27,1,3,2,
08:43:09,08:48:12,2,VOLLEDIG,08:40:58,1,1,1,"Ik heb zelf lang honden geplaatst en heb er ook 1 geadopteerd. Het ras zelf is heel belangrijk voor me. Een husky bijvoorbeeld is geen hond voor iedereen. Mensen gaan vaak af op het uiterlijk terwijl ze niets kennen van de kenmerken van het ras. Dat mis ik hier heel erg. Aanbevelingen wat ras betreft. En zeker ook de leeftijd. Mensen willen vaak een puppy terwijl een volwassen hond vaak makkelijker is. Ook de vraag of iemand actief is, klein of groot gehuisvest is. Tijd heeft om te wandelen of niet. Indien niet zou ik geen hond voorstellen :) Succes! "
09:13:28,09:14:45,2,DEELS,09:10:41,4,1,1,De uitgekozen honden stemmen helemaal niet overeen met de ingevulde vragen‚Ä¶.
09:16:40,09:17:50,2,VOLLEDIG,09:16:02,2,1,4,
09:27:33,09:29:06,2,VOLLEDIG,09:26:24,4,5,4,
09:32:35,09:39:29,3,DEELS,09:31:03,4,4,2,
09:33:21,09:35:20,1,NIET,09:32:05,5,5,4,"Voor mij maakt het niet uit of de hond jong of oud is dus nog een andere optie met dat de leeftijd niet uitmaakt, was leuk geweest. "
09:38:00,09:39:29,1,VOLLEDIG,09:37:22,1,1,6,"weinig vragen over ras, karakter, achtergrond "
09:48:28,09:50:46,2,VOLLEDIG,09:47:37,3,3,6,Er word niet gevraagd of er kinderen in het gezin zijn. En informatie of de honden met andere dieren om kunnen 
09:59:10,09:59:47,2,VOLLEDIG,09:58:11,7,4,2,
10:10:05,10:10:38,2,DEELS,10:09:19,6,4,1,
10:11:54,10:12:19,1,DEELS,10:11:37,5,3,4,
10:11:56,10:14:21,2,VOLLEDIG,10:11:20,2,5,2,"Heb al 2 honden en hoe graag ik er eentje uit het asiel wil halen..2 zijn er echt genoeg.
Ik mis nog ergens een vraag of er kinderen en allergie√´n zijn? Veel honden worden hiervoor terug naar het asiel gebracht."
10:13:43,10:14:12,1,VOLLEDIG,10:13:01,7,7,1,
10:42:33,10:45:56,3,DEELS,10:40:53,5,5,1,"Vele vragen zijn essentieel voor herplaatsing van een hond, aangezien ze vanuit het ras en karakter van de hond vertrekken en zo een juiste match kunnen geven. 
De vraag naar juiste resultaten vind ik irrelevant. Mogelijk zijn er op dit moment geen rassen beschikbaar die ik graag wens. 
Misschien ook een idee om te vragen naar de soort hond: waakhond, jachthond,‚Ä¶"
10:42:58,10:43:26,2,NIET,10:42:15,2,5,4,
10:46:13,10:47:28,1,VOLLEDIG,10:45:39,6,5,2,
10:49:54,10:50:37,2,DEELS,10:48:51,1,5,7,
10:58:42,11:00:55,2,NIET,10:57:10,5,3,1,Ik vind persoonlijk dat de vragen wat meer uitgebreid gesteld zouden mogen worden. Ik wist bijvoorbeeld niet wat een middelmatig hond was en had graag een keuze gehad tussen middelmaat en groot.
11:01:49,11:05:45,2,VOLLEDIG,11:00:44,5,4,6,"Ik zou graag verklaren waarom, er staat ook niet gecastreerd of niet, ook belangrijk als jezelf een intact dier hebt. Vb ook het ras, vb ik heb reeds een Staff, ja dan weet ik al dat ik waarschijnlijk geen Staff erbij mag zetten .  Ook vb ben je bereid om aanpassngen te doen ?  Vb een Mechel , die krijg ik niet mee als ik geen hoge omheinibg heb terwijl er wel een match is .  Lijkt simpel maar voor Jan met de pet niet, die wil die hond ,punt uit .  Groeten "
11:32:46,11:37:38,1,VOLLEDIG,11:30:57,1,1,4,"Ik heb altijd twee gecastreerde reuen samen. Dit gaat perfect. Ik test ook uit met de aanwezige honden of er een match kan zijn. Jammer dat dit sowieso wordt uitgesloten.
"
12:10:51,12:11:36,2,VOLLEDIG,12:10:10,4,4,7,
12:14:38,12:15:23,1,NIET,12:14:05,4,4,4,
12:22:04,12:22:54,2,VOLLEDIG,12:21:05,3,3,2,
12:22:31,12:23:26,2,VOLLEDIG,12:21:36,6,4,4,
12:32:05,12:34:55,2,DEELS,12:31:23,1,1,2,eigenlijk komt geen enkele hond overeen met mijn voorkeuren
12:42:57,12:44:51,2,DEELS,12:41:27,2,2,4,
13:18:49,13:19:26,3,DEELS,13:17:33,4,4,4,
14:14:56,14:18:59,2,DEELS,14:14:02,5,4,3,De vragen zijn helder en duidelijk opgesteld dus geen probleem met de antwoorden. Eventueel vragen of er reeds kinderen in het huishouden zijn zou nog goed zijn zodat er geen hond voorgesteld wordt die dan moeite blijkt te hebben met kinderen. 
14:28:09,14:31:04,3,DEELS,14:27:09,4,5,2,"Misschien wat doorvragen op de 'andere huisdieren: '  katten of andere? 
Een goede eerste selectie van potenti√´le honden. "
14:36:40,14:37:28,1,DEELS,14:36:09,3,3,5,
14:55:28,14:56:50,3,DEELS,14:53:49,2,1,1,"Op zoek naar een klein hondje, krijg enkel middelgroot tot grote honden te zien. "
15:00:45,15:03:39,2,VOLLEDIG,14:59:38,7,5,1,"Ik vul dit in omdat ik het belangrijk vind dat mensen die hond willen beseffen dat het een hele verantwoordelijkheid met eich meebrengt, het zijn voor mij meer dan dieren, huisgenoten die liefde nodig hebben zoals kind liefde van ouders nodig heeft. Moest ik ruimte hebben zou ik er heel veel adopteren "
15:09:10,15:12:26,2,VOLLEDIG,15:06:43,2,2,2,"Waarschijnlijk ben ik te veel teckelliefhebber. Ik heb er vier gehad waarvan twee in leven, over meer dan 20 jaren. In uw vragen ontbreekt welke intensiteit van verzorging de hond mag opeisen."
15:12:01,16:36:47,1,VOLLEDIG,15:11:41,5,4,6,"Enkel 1 antwoordmogelijkheid, was ge√Ønteresseerd in kleine en middelgrote honden. Misschien ook aanduiden of u kinderen, tuin etc. Hebt? "
15:23:54,15:26:09,3,DEELS,15:21:51,7,3,5,Nog aanvullende vragen over woon en leef  omstandigheden stellen die erg  belangrijk zijn bij het bepalen van een hond die past bij een gezin/persoon 
15:35:30,15:37:14,1,VOLLEDIG,15:35:09,2,5,4,
15:52:10,15:52:50,2,VOLLEDIG,15:51:25,3,2,4,
15:57:36,15:58:08,3,DEELS,15:56:34,3,3,2,
15:57:21,15:58:00,2,VOLLEDIG,15:56:44,6,4,2,
16:10:43,16:12:21,3,DEELS,16:10:04,1,1,4,Ik gaf aan voor een kleine hond maar kreeg voornamelijk mediums en grotere honden. Verder duidde ik op die vraag aan dat dit zeer belangrijk was. Ik zou geen contact opnemen voor een van deze honden 
17:15:14,17:18:40,3,VOLLEDIG,17:13:38,2,2,2,De bovenstaande honden hebben allemaal redelijk veel training en tijd nodig. Ook zijn het allemaal grotere honden dan we voordien voor ogen hadden. Belangrijke vraag naar werk en tijd beschikbaar is misschien van toepassing. 
16:22:00,16:23:29,3,NIET,16:20:56,1,1,1,Kleine kinderen en er is geen match mogelijk (onzekere en bange hond staat als eerste)
18:48:18,18:52:13,1,VOLLEDIG,18:47:40,1,1,1,"Ik vond het heel makkelijke vragen. Ik heb 3 honden, alle 3 geadopteerd.... allemaal met agressie problemen naar andere honden, met de nodige aanpak matchen ze nu perfect. Waarom krijg ik dan geen reu als ik al een reu heb? Ik ben gedragsttherapeute van opleiding. Vind het spijtig..... . Geef mij maar de meest moeilijke honden. Die nergens kunnen geplaatst worden. Die introduceer ik wel in mijn roedel. "
18:55:23,18:57:01,3,VOLLEDIG,18:54:12,5,3,2,Misschien ook een mogelijkheid geven als grootouders met kleinkinderen soms over de vloer. Waarbij het ook belangrijk kan zijn dat er rekening mee gehouden wordt? Nu is de vraagstelling vrij strikt.
18:57:03,18:59:04,1,VOLLEDIG,18:56:00,4,3,1,"Hoewel ik eerder klein aangaf als voorkeur, kreeg ik eerder grote honden aanbevolen. Ik ben ook niet geneigd om te bellen omdat veel asielhonden een tuin nodig hebben. Eventueel een vraag met woonsituatie toevoegen kan hierbij helpen."
18:57:19,18:59:20,3,VOLLEDIG,18:56:28,4,5,1,
19:19:23,19:19:49,1,DEELS,19:16:10,1,2,4,
19:43:09,19:44:05,1,VOLLEDIG,19:42:32,4,1,1,te beknopt! 
19:52:03,19:52:50,1,VOLLEDIG,19:48:57,1,1,2,
20:10:05,20:11:01,3,VOLLEDIG,20:07:47,4,6,2,
20:34:58,20:37:35,3,NIET,20:33:14,6,3,3,Omheinde tuin vond ik rare vraag als je op een berg in de vrije natuur woont üòÅ
20:41:35,20:46:36,1,VOLLEDIG,20:40:56,6,6,5,Er zou ook een vraag mogen bij zitten over kinderen (en hun leeftijd) en bij het invullen van de gewenste leeftijd van de meerdere opties of een optie om aan te geven dat het niet uitmaakt. 